samp_target,disk_radius,tot_radius,fr_length,fr_width,fr_pos,styles,ploidy
3,1.51,4.49,8.49,8.5,5.43,2.0,2.0
3,1.5,4.81,9.27,9.23,5.05,3.0,2.0
3,1.59,4.37,8.84,8.82,4.55,3.0,2.0
3,1.28,3.81,7.69,7.76,3.41,2.0,2.0
3,1.45,4.0,8.94,7.86,5.84,2.0,2.0
3,1.55,4.07,8.38,8.28,4.72,2.0,2.0
3,1.42,4.54,8.58,9.61,4.48,2.0,2.0
3,1.47,4.14,9.22,8.06,4.15,2.0,2.0
3,1.42,3.89,7.18,7.98,3.41,3.0,2.0
3,1.18,4.06,9.89,8.25,5.07,2.0,2.0
3,1.56,4.57,9.93,9.49,4.78,3.0,2.0
3,1.36,4.02,8.99,7.97,4.58,3.0,2.0
3,1.27,4.23,9.71,8.64,4.51,2.0,2.0
3,1.14,3.24,7.89,6.51,4.73,2.0,2.0
3,1.13,3.55,8.2,7.05,4.07,2.0,2.0
3,1.09,3.49,8.58,7.27,4.34,2.0,2.0
3,1.11,3.59,7.71,6.12,3.12,2.0,2.0
3,1.39,3.64,7.84,6.85,4.43,2.0,2.0
3,1.11,3.78,7.95,6.56,4.78,2.0,2.0
3,1.07,3.87,9.41,7.71,5.28,2.0,2.0
3,1.38,3.51,7.07,7.04,4.53,2.0,2.0
3,1.2,3.95,8.66,7.39,4.58,2.0,2.0
3,1.22,3.78,8.46,7.69,4.59,2.0,2.0
3,1.49,3.88,8.94,7.51,4.56,2.0,2.0
3,1.62,4.54,9.09,8.57,4.53,2.0,2.0
3,1.59,4.21,9.55,8.08,4.76,2.0,2.0
3,1.56,3.99,9.66,8.18,4.25,2.0,2.0
3,1.38,3.58,9.66,8.18,4.25,2.0,2.0
3,1.47,3.94,9.29,7.58,4.71,2.0,2.0
3,1.17,4.08,9.21,8.17,3.87,2.0,2.0
3,1.17,3.96,8.54,8.07,4.35,2.0,2.0
3,1.18,3.58,7.74,7.4,3.78,1.0,2.0
3,1.36,4.24,7.74,7.4,3.78,2.0,2.0
3,1.34,3.79,8.31,7.97,4.55,2.0,2.0
3,1.24,3.89,8.07,7.64,5.26,2.0,2.0
3,1.37,3.8,10.0,7.76,5.22,1.0,2.0
3,1.5,4.06,9.26,8.01,4.95,2.0,2.0
3,1.48,3.92,9.33,7.1,6.27,2.0,2.0
3,1.43,4.07,9.53,8.59,5.32,2.0,2.0
3,1.6,4.55,10.2,8.73,5.4,2.0,2.0
3,1.52,4.17,9.74,8.08,4.68,2.0,2.0
3,1.34,4.16,9.53,7.93,5.34,1.0,2.0
3,1.56,4.76,9.92,9.48,4.8,2.0,2.0
3,1.32,3.88,8.53,7.75,4.72,2.0,2.0
4,1.65,3.35,8.43,6.76,3.73,1.0,3.0
4,1.31,4.37,10.04,8.44,4.39,1.0,3.0
4,1.54,4.3,11.34,8.43,5.67,1.0,3.0
4,1.18,3.17,8.73,6.16,5.57,1.0,3.0
4,1.49,3.18,8.98,6.15,5.74,1.0,3.0
4,1.43,3.18,9.16,6.43,4.78,1.0,3.0
4,1.48,3.86,9.49,7.37,5.24,1.0,3.0
4,1.55,3.64,8.75,7.23,5.25,1.0,3.0
4,1.45,3.83,9.9,7.73,4.05,1.0,3.0
4,1.56,3.97,9.08,7.83,4.77,1.0,3.0
4,1.06,3.39,9.16,7.42,5.54,1.0,3.0
4,1.48,3.11,8.81,6.02,4.74,1.0,3.0
4,1.12,3.76,9.28,7.32,3.75,1.0,3.0
4,1.4,3.88,8.85,7.44,5.52,1.0,3.0
4,1.39,2.97,8.2,6.43,4.59,1.0,3.0
4,1.35,3.16,9.38,6.39,5.45,1.0,3.0
4,1.47,3.3,9.04,6.53,5.04,1.0,3.0
4,1.57,4.37,10.78,8.82,4.41,1.0,3.0
3,1.4,4.65,10.56,9.74,5.76,2.0,2.0
3,1.44,4.49,11.3,9.23,5.47,2.0,2.0
3,1.46,4.18,9.73,8.67,5.07,2.0,2.0
3,1.66,4.61,11.26,10.07,5.49,2.0,2.0
3,1.42,4.15,10.52,8.08,7.18,1.0,2.0
3,1.39,4.08,9.53,8.62,6.62,1.0,2.0
3,1.52,4.77,10.38,9.51,5.72,2.0,2.0
3,1.34,4.83,9.2,9.91,4.3,2.0,2.0
3,1.84,4.71,9.58,9.45,4.88,2.0,2.0
3,1.52,4.2,8.86,8.82,3.71,2.0,2.0
3,1.57,4.98,10.84,10.03,5.01,2.0,2.0
3,1.54,5.24,11.38,10.4,5.71,2.0,2.0
3,1.52,5.12,10.34,11.12,5.31,2.0,2.0
3,1.71,4.4,9.62,8.85,3.62,3.0,2.0
3,1.5,4.63,10.53,9.35,5.72,2.0,2.0
3,1.47,4.84,10.63,9.86,3.82,2.0,2.0
3,1.69,4.75,10.15,9.82,4.14,2.0,2.0
3,1.66,4.43,10.13,9.2,4.99,3.0,2.0
3,1.51,4.87,11.19,9.75,5.1,2.0,2.0
3,1.59,4.82,11.1,10.08,6.53,3.0,2.0
3,1.59,4.86,10.1,9.65,5.13,1.0,2.0
3,1.45,5.1,10.26,9.03,6.96,2.0,2.0
3,1.59,4.83,10.39,10.02,5.5,2.0,2.0
3,1.47,4.47,9.67,8.58,5.2,2.0,2.0
3,1.65,4.66,8.93,9.19,3.5,2.0,2.0
3,1.63,4.54,9.02,8.99,3.29,1.0,2.0
3,1.39,4.44,10.29,9.02,5.91,2.0,2.0
3,1.52,4.41,10.3,8.56,5.98,1.0,2.0
3,1.54,3.93,8.97,7.83,4.25,1.0,2.0
3,1.56,4.6,11.05,8.57,4.57,2.0,2.0
3,1.54,5.15,11.6,10.89,7.44,3.0,2.0
3,1.58,4.94,10.34,10.22,5.08,2.0,2.0
3,1.75,4.85,10.93,9.43,5.86,3.0,2.0
4,1.55,4.32,10.54,8.94,5.19,1.0,3.0
4,1.47,5.0,10.31,9.98,4.63,1.0,3.0
4,1.6,5.1,10.81,10.37,5.77,2.0,3.0
4,1.58,4.77,9.82,9.41,4.56,2.0,3.0
4,1.67,4.96,11.76,9.94,5.79,2.0,3.0
4,1.66,5.16,11.62,10.85,5.57,1.0,3.0
4,1.5,4.89,11.72,9.85,5.37,1.0,3.0
4,1.72,5.55,10.99,11.22,5.94,2.0,3.0
4,1.63,5.01,11.4,9.8,5.27,1.0,3.0
4,1.74,5.05,11.61,10.33,6.3,1.0,3.0
4,1.69,5.38,12.64,10.69,6.25,2.0,4.0
4,1.54,4.93,12.76,10.01,6.27,1.0,4.0
4,1.62,4.52,12.21,8.93,6.04,1.0,4.0
4,1.59,4.6,12.72,9.26,6.78,1.0,4.0
4,1.37,4.8,13.55,9.78,6.89,1.0,4.0
4,1.68,5.01,12.28,10.47,5.25,1.0,4.0
4,1.48,4.86,12.81,9.97,4.31,1.0,4.0
4,1.52,4.94,12.91,10.41,6.63,1.0,4.0
4,1.65,4.88,13.47,9.66,6.24,1.0,4.0
4,1.67,4.94,13.96,9.11,8.31,1.0,4.0
3,1.56,3.95,9.41,7.83,4.9,2.0,2.0
3,1.53,3.75,9.88,7.16,3.75,2.0,2.0
3,1.6,4.45,9.25,8.26,5.33,2.0,2.0
3,1.76,4.53,9.83,8.47,4.49,2.0,2.0
3,1.64,4.28,10.92,8.42,3.98,2.0,2.0
3,1.65,4.39,9.44,9.11,4.38,2.0,2.0
3,1.57,4.22,10.43,8.7,5.4,2.0,2.0
3,1.46,4.88,10.63,9.87,4.79,2.0,2.0
3,1.62,3.96,9.33,7.63,5.24,2.0,2.0
3,1.73,4.45,9.41,9.04,4.78,2.0,2.0
3,1.73,4.67,10.4,9.36,5.76,2.0,2.0
3,1.76,4.24,9.59,9.04,4.72,2.0,2.0
3,1.81,4.82,10.07,9.32,5.62,2.0,2.0
3,1.54,4.61,10.07,9.29,5.13,2.0,2.0
3,1.63,4.47,10.25,9.16,6.07,2.0,2.0
3,1.72,4.5,10.49,8.44,5.72,3.0,2.0
3,1.6,4.58,11.48,9.33,6.0,2.0,2.0
3,1.78,4.2,9.46,8.61,4.09,2.0,2.0
3,2.12,5.16,11.12,10.39,4.78,3.0,2.0
3,1.72,4.26,8.83,8.82,5.54,2.0,2.0
3,1.55,3.96,7.43,7.83,2.88,2.0,2.0
3,1.63,4.18,7.99,8.77,4.2,2.0,2.0
3,1.85,4.19,7.7,7.57,4.39,2.0,2.0
3,1.58,4.04,8.07,7.88,5.56,2.0,2.0
3,1.35,4.22,8.43,8.06,6.16,2.0,2.0
3,1.65,3.87,7.74,7.84,5.24,2.0,2.0
3,1.76,4.28,8.46,8.44,5.23,2.0,2.0
3,1.5,3.54,7.5,6.62,3.15,2.0,2.0
3,1.81,4.74,8.84,8.85,5.56,2.0,2.0
4,1.08,3.89,9.72,7.72,5.66,1.0,3.0
4,1.41,3.81,9.5,7.16,4.58,1.0,3.0
4,1.39,4.2,10.06,8.18,4.92,1.0,3.0
4,1.37,3.61,10.13,7.02,4.03,1.0,3.0
4,1.25,3.31,9.22,6.74,3.5,1.0,3.0
4,1.27,3.96,9.53,7.28,5.09,1.0,3.0
4,1.31,3.82,9.99,7.96,4.83,1.0,3.0
4,1.28,3.5,10.36,6.84,4.56,1.0,3.0
4,1.44,3.54,9.84,6.64,3.65,1.0,3.0
4,1.49,3.39,9.36,6.46,4.69,1.0,3.0
4,1.25,3.95,11.24,7.78,6.04,1.0,3.0
4,1.24,4.32,10.45,7.12,4.14,1.0,3.0
4,1.47,4.45,10.41,8.75,5.94,1.0,3.0
4,1.23,3.69,10.8,7.74,5.48,1.0,3.0
4,1.25,3.45,10.39,6.69,6.37,1.0,3.0
4,1.39,4.31,11.14,8.39,4.67,1.0,3.0
4,1.44,4.07,9.67,7.56,4.02,1.0,3.0
4,1.38,4.15,11.66,8.77,6.35,1.0,3.0
4,1.44,4.13,10.66,7.87,4.71,1.0,4.0
4,1.38,4.72,12.15,9.35,7.22,1.0,4.0
4,1.44,4.76,12.16,9.15,5.9,1.0,4.0
4,1.35,4.39,11.83,8.7,6.36,1.0,4.0
4,1.43,4.02,8.22,7.92,4.4,2.0,4.0
4,1.48,5.14,11.93,9.72,5.2,1.0,4.0
4,1.49,4.91,11.74,9.17,5.47,1.0,4.0
4,1.52,3.21,7.78,6.5,2.97,1.0,4.0
5,1.01,4.04,9.39,8.24,5.04,1.0,2.0
5,1.33,4.43,9.42,8.59,4.54,1.0,2.0
5,1.04,2.94,6.61,5.55,3.04,1.0,2.0
5,1.31,3.26,7.81,6.03,4.34,1.0,2.0
5,1.24,4.5,10.57,8.75,5.08,1.0,2.0
5,1.19,3.9,9.33,7.64,3.93,1.0,2.0
5,1.14,3.49,7.69,6.55,4.22,1.0,2.0
5,1.03,2.88,6.86,6.17,3.62,1.0,2.0
5,1.12,4.02,8.85,7.09,3.86,1.0,2.0
5,0.92,2.99,7.31,5.52,4.12,1.0,2.0
4,1.25,3.94,10.61,7.99,6.54,1.0,3.0
4,1.62,3.92,11.75,7.24,7.26,1.0,3.0
4,1.31,3.86,10.58,7.57,6.49,1.0,3.0
4,1.44,3.9,11.08,7.33,6.95,1.0,3.0
4,1.23,3.94,10.74,7.37,4.7,1.0,3.0
4,1.35,4.0,9.96,7.11,6.04,1.0,3.0
4,1.29,3.74,10.8,7.47,5.6,1.0,3.0
4,1.37,3.85,11.92,8.01,8.18,1.0,3.0
4,1.52,3.57,10.33,6.66,6.24,1.0,3.0
4,1.15,3.9,9.79,7.0,5.27,1.0,3.0
4,1.37,4.17,10.84,8.1,5.49,1.0,3.0
4,1.28,3.86,10.86,8.42,7.17,1.0,3.0
4,1.27,4.39,10.94,9.04,5.74,1.0,3.0
4,1.39,3.96,10.0,7.59,4.99,1.0,3.0
4,1.52,4.29,10.83,8.8,5.24,1.0,3.0
4,1.33,4.14,10.86,8.32,7.92,1.0,3.0
4,1.66,4.55,10.42,8.82,6.04,2.0,3.0
4,1.48,4.24,10.64,8.52,5.09,1.0,3.0
4,1.37,4.28,11.26,7.63,5.11,1.0,3.0
4,1.49,4.82,11.47,9.28,6.63,1.0,3.0
4,1.53,4.71,11.42,8.37,5.16,1.0,3.0
4,1.43,3.84,10.23,7.18,5.63,1.0,3.0
4,1.42,3.97,8.87,7.75,6.16,1.0,3.0
4,1.56,4.11,11.62,8.02,6.68,1.0,3.0
4,1.59,4.66,11.71,8.73,8.23,1.0,3.0
4,1.43,4.3,10.77,8.13,6.32,1.0,3.0
4,1.47,4.42,12.77,7.49,5.83,1.0,3.0
4,1.47,4.35,11.76,8.48,6.46,1.0,3.0
4,1.43,4.32,12.23,7.68,9.09,1.0,3.0
4,1.63,4.43,12.65,7.92,6.72,1.0,3.0
4,1.45,4.05,11.61,8.18,6.6,1.0,3.0
4,1.34,4.05,12.13,7.86,6.83,1.0,3.0
4,1.55,4.42,12.71,8.51,7.34,1.0,3.0
4,1.22,4.42,12.05,8.93,6.0,1.0,3.0
4,1.57,4.55,12.3,8.64,7.12,1.0,3.0
4,1.66,4.66,11.28,9.02,6.39,1.0,3.0
4,1.61,4.17,9.07,8.12,4.58,1.0,3.0
4,1.37,4.11,9.93,8.24,5.4,1.0,3.0
4,1.28,4.11,9.77,8.26,4.61,1.0,3.0
4,1.65,4.5,12.04,9.29,6.15,1.0,3.0
4,1.67,4.25,10.17,8.0,6.77,1.0,3.0
4,1.43,3.14,10.46,6.06,5.65,1.0,3.0
4,1.52,4.49,12.15,8.87,5.33,1.0,3.0
4,1.77,4.25,10.75,8.35,4.53,1.0,3.0
4,1.51,4.47,10.04,8.91,4.77,2.0,3.0
5,1.07,3.65,11.39,7.55,6.17,1.0,2.0
5,0.91,3.67,10.53,6.89,7.1,1.0,2.0
5,1.0,4.1,12.12,7.46,7.04,1.0,2.0
5,1.08,3.71,11.14,7.71,7.35,1.0,2.0
5,1.14,3.94,11.49,7.64,7.19,1.0,2.0
5,1.07,3.24,10.72,6.79,6.79,1.0,2.0
5,0.76,3.68,12.24,7.92,6.7,1.0,2.0
5,1.12,4.07,10.9,7.4,6.04,1.0,2.0
5,0.94,3.54,8.99,6.8,4.54,1.0,2.0
5,0.91,3.82,10.39,7.4,4.95,1.0,2.0
5,1.31,4.76,10.07,9.48,5.92,1.0,2.0
5,1.11,4.51,10.09,8.68,5.56,1.0,2.0
5,0.94,4.54,9.34,9.01,5.36,1.0,2.0
5,0.93,3.99,7.53,7.7,4.03,1.0,2.0
5,0.93,4.02,8.29,7.76,3.96,1.0,2.0
5,1.1,3.78,7.46,7.07,3.66,1.0,2.0
5,1.13,4.01,8.37,7.94,4.58,1.0,2.0
5,1.13,4.17,7.33,8.12,3.67,1.0,2.0
5,1.18,4.35,8.7,8.09,4.16,1.0,2.0
5,1.19,4.03,8.55,7.81,4.16,1.0,2.0
5,1.41,4.57,10.96,8.57,5.61,1.0,2.0
5,1.23,4.15,10.0,7.99,5.92,1.0,2.0
5,0.93,3.89,8.58,7.72,4.01,1.0,2.0
5,1.09,4.12,10.15,8.43,5.33,1.0,2.0
5,0.96,4.11,9.99,8.08,5.59,1.0,2.0
5,1.19,3.81,9.3,7.32,5.79,1.0,2.0
5,1.2,3.87,9.76,7.33,5.12,1.0,2.0
5,1.02,4.08,10.27,8.09,5.43,1.0,2.0
5,1.02,3.45,8.1,6.61,5.13,1.0,2.0
5,1.01,4.14,9.86,8.25,5.02,1.0,2.0
5,1.23,3.59,8.75,6.57,4.56,1.0,2.0
5,1.21,3.52,8.8,6.71,3.65,1.0,2.0
5,1.08,4.22,9.76,8.05,3.86,1.0,2.0
5,1.23,3.9,9.77,7.45,3.94,1.0,2.0
5,1.25,4.27,9.65,8.42,4.98,1.0,2.0
5,1.13,3.78,8.38,7.27,4.26,1.0,2.0
5,0.93,4.32,10.18,8.96,4.66,1.0,2.0
5,1.15,4.03,9.02,7.85,4.7,1.0,2.0
5,1.2,4.25,9.39,8.09,4.79,1.0,2.0
5,1.2,3.97,8.52,7.76,4.09,1.0,2.0
5,1.24,4.47,9.72,8.36,5.04,1.0,2.0
5,1.23,4.3,9.78,8.47,5.64,1.0,2.0
5,1.19,3.89,8.51,7.88,4.8,1.0,2.0
5,1.36,4.0,8.16,7.56,4.4,1.0,2.0
5,0.98,3.8,7.94,7.25,4.27,1.0,2.0
5,0.97,3.71,6.96,7.12,4.43,1.0,2.0
5,1.16,4.29,8.01,8.55,5.1,1.0,2.0
5,1.16,4.17,8.08,8.24,4.67,1.0,2.0
5,1.25,3.93,7.92,7.31,4.17,1.0,2.0
5,1.26,3.97,7.7,7.91,5.35,1.0,2.0
5,1.3,3.72,10.81,7.27,6.33,1.0,2.0
5,1.16,3.55,9.18,6.61,4.76,1.0,2.0
5,1.18,3.47,8.34,6.74,4.97,1.0,2.0
5,1.28,3.12,8.17,6.05,3.93,1.0,2.0
5,1.14,3.6,10.99,7.32,5.94,1.0,2.0
5,1.29,3.57,9.8,7.08,5.27,1.0,2.0
5,1.27,3.6,9.44,6.78,4.65,1.0,2.0
5,1.25,3.62,10.3,6.67,5.58,1.0,2.0
5,1.39,3.87,9.25,7.65,4.99,1.0,2.0
5,1.24,3.69,10.17,7.2,5.59,1.0,2.0
5,1.04,4.2,9.1,8.34,4.89,1.0,2.0
5,0.91,3.87,8.09,7.84,4.19,1.0,2.0
5,1.06,3.98,9.01,7.62,3.96,1.0,2.0
5,1.05,3.83,8.08,7.16,4.09,1.0,2.0
5,0.93,3.62,7.99,6.97,4.13,1.0,2.0
5,1.05,3.75,8.08,7.36,3.85,1.0,2.0
5,1.09,3.81,7.9,7.45,4.08,1.0,2.0
5,0.93,3.51,8.56,6.74,4.33,1.0,2.0
5,1.02,3.7,8.07,7.16,3.65,1.0,2.0
5,1.15,3.92,8.63,7.53,4.8,1.0,2.0
5,1.07,3.43,8.23,6.5,3.57,1.0,2.0
5,1.13,3.68,8.7,7.13,3.26,1.0,2.0
5,1.15,3.51,7.62,6.89,3.7,1.0,2.0
5,1.11,3.66,8.56,7.28,3.66,1.0,2.0
5,1.01,3.53,8.55,6.72,4.16,1.0,2.0
5,1.14,3.64,8.19,6.98,4.18,1.0,2.0
5,1.17,3.4,8.53,6.54,3.72,1.0,2.0
5,1.05,3.44,8.67,6.69,4.16,1.0,2.0
5,1.23,3.43,8.26,6.63,3.6,1.0,2.0
5,1.12,3.68,8.86,7.27,3.88,1.0,2.0
5,1.27,4.91,7.75,9.36,3.0,1.0,2.0
5,1.08,4.53,8.3,8.78,4.33,1.0,2.0
5,1.19,4.46,7.28,8.65,3.8,1.0,2.0
5,1.16,4.89,8.37,9.28,4.78,1.0,2.0
5,1.17,4.49,8.16,8.64,4.64,1.0,2.0
5,1.09,4.09,8.45,7.9,4.41,1.0,2.0
5,1.09,4.27,7.47,8.1,4.44,1.0,2.0
5,1.18,4.34,8.36,8.19,4.92,1.0,2.0
5,1.19,4.28,8.32,8.46,4.26,1.0,2.0
5,1.26,4.28,8.03,8.52,4.35,1.0,2.0
5,0.99,3.65,8.47,7.22,4.3,1.0,2.0
5,1.04,3.67,7.79,7.16,4.0,1.0,2.0
5,0.92,3.71,8.37,7.34,4.41,1.0,2.0
5,1.06,3.67,8.53,7.01,4.92,1.0,2.0
5,1.07,3.69,8.4,7.22,4.39,1.0,2.0
5,1.05,3.86,8.6,7.57,4.3,1.0,2.0
5,1.11,3.65,8.65,7.07,4.48,1.0,2.0
5,0.92,3.42,8.21,6.76,4.22,1.0,2.0
5,0.99,4.03,8.27,7.78,5.0,1.0,2.0
5,0.93,3.52,8.14,6.79,3.97,1.0,2.0
3,1.39,5.48,9.8,10.75,5.55,2.0,2.0
3,1.64,5.3,10.61,9.49,4.86,2.0,2.0
3,1.5,5.23,10.1,9.91,5.57,2.0,2.0
3,1.7,4.72,8.34,9.39,4.08,2.0,2.0
3,1.61,4.94,9.34,9.84,4.73,2.0,2.0
3,1.49,4.91,9.68,9.19,5.34,2.0,2.0
3,1.62,4.78,9.52,9.57,4.86,2.0,2.0
3,1.41,4.51,8.91,8.71,3.95,1.0,2.0
3,1.52,5.31,9.77,10.53,4.55,2.0,2.0
3,1.37,4.21,8.51,7.93,4.01,2.0,2.0
3,1.47,4.28,8.04,8.5,4.17,2.0,2.0
3,1.49,4.63,8.98,8.68,4.77,2.0,2.0
3,1.38,4.35,8.89,8.34,4.16,2.0,2.0
3,1.45,4.14,8.97,8.29,4.8,2.0,2.0
3,1.56,4.33,7.87,8.22,3.99,3.0,2.0
3,1.42,4.13,9.46,8.17,5.29,2.0,2.0
3,1.5,4.39,9.09,8.65,4.96,2.0,2.0
3,1.37,4.17,9.03,8.39,4.78,2.0,2.0
3,1.42,4.16,8.73,7.84,4.55,2.0,2.0
3,1.58,4.25,9.21,8.2,4.22,2.0,2.0
3,1.61,4.31,7.56,8.17,3.57,2.0,2.0
3,1.66,4.66,8.71,8.85,4.8,2.0,2.0
3,1.65,4.73,9.4,8.98,5.55,2.0,2.0
3,1.63,4.36,8.1,8.2,4.03,2.0,2.0
3,1.5,4.12,8.39,7.45,4.4,2.0,2.0
3,1.55,4.33,8.11,8.75,4.32,2.0,2.0
3,1.57,4.63,8.79,8.82,4.9,2.0,2.0
3,1.93,4.15,7.17,8.2,4.37,2.0,2.0
3,1.64,3.86,7.92,7.55,3.44,2.0,2.0
3,1.21,4.1,8.07,7.12,4.68,2.0,2.0
3,1.26,4.18,9.1,8.31,4.83,3.0,2.0
3,1.29,4.09,8.23,7.7,4.22,2.0,2.0
3,1.05,3.47,7.79,6.7,4.87,1.0,2.0
3,1.16,4.1,8.2,7.96,4.58,2.0,2.0
3,1.08,4.21,9.49,8.17,5.68,2.0,2.0
3,1.44,4.34,9.39,7.88,5.5,2.0,2.0
3,1.31,3.91,7.24,7.68,4.44,2.0,2.0
3,1.17,3.59,7.0,7.23,4.42,2.0,2.0
3,1.65,4.29,8.12,8.16,3.83,2.0,2.0
3,1.56,4.76,8.15,9.4,4.26,2.0,2.0
3,1.49,4.54,8.7,8.93,4.42,2.0,2.0
3,1.58,4.08,7.95,8.04,4.71,2.0,2.0
3,1.62,4.53,9.44,8.98,5.06,2.0,2.0
3,1.74,5.05,9.68,9.29,5.43,2.0,2.0
3,1.72,4.65,9.72,8.91,4.85,2.0,2.0
3,1.68,4.8,9.94,9.38,5.47,2.0,2.0
3,1.48,4.6,8.96,8.45,5.14,1.0,2.0
3,1.53,4.76,9.78,9.46,4.73,2.0,2.0
3,1.61,5.14,11.6,10.07,6.46,2.0,2.0
3,1.68,5.09,10.46,10.02,5.74,2.0,2.0
3,1.39,3.61,8.71,6.81,5.5,2.0,2.0
3,1.45,4.38,10.38,8.45,5.11,2.0,2.0
3,1.61,4.49,10.26,8.68,5.58,2.0,2.0
3,1.37,4.31,9.71,8.46,5.47,2.0,2.0
3,1.45,3.62,8.66,6.92,4.32,2.0,2.0
3,1.44,3.99,9.42,7.73,5.12,2.0,2.0
3,1.27,3.97,8.39,7.63,4.52,2.0,2.0
3,1.43,4.03,9.1,7.97,5.01,2.0,2.0
3,1.27,3.9,9.76,7.57,5.68,2.0,2.0
3,1.5,4.58,9.93,9.0,5.85,2.0,2.0
3,1.5,4.5,10.09,8.33,5.38,3.0,2.0
3,1.13,3.51,7.9,6.74,5.57,1.0,2.0
3,1.28,4.08,8.99,7.8,5.07,2.0,2.0
3,1.2,3.57,6.81,6.49,4.44,2.0,2.0
3,1.2,4.15,8.37,8.2,5.46,2.0,2.0
3,1.12,4.02,8.39,7.61,3.88,2.0,2.0
3,1.41,4.6,8.2,8.17,4.23,2.0,2.0
3,1.13,3.83,8.51,7.03,5.02,2.0,2.0
3,1.34,4.18,7.56,8.21,3.67,2.0,2.0
3,1.17,4.22,8.38,8.36,5.46,2.0,2.0
3,1.12,3.63,7.32,7.03,4.85,2.0,2.0
3,1.6,4.53,11.09,8.6,5.42,2.0,2.0
3,1.5,4.32,9.79,8.29,5.56,2.0,2.0
3,1.44,4.3,10.04,8.31,5.23,2.0,2.0
3,1.54,4.26,9.89,8.31,6.05,2.0,2.0
3,1.51,4.07,8.95,8.04,4.86,2.0,2.0
3,1.34,4.16,8.66,8.07,4.64,2.0,2.0
3,1.44,4.38,9.7,8.72,6.01,2.0,2.0
3,1.71,4.25,11.25,8.27,6.54,2.0,2.0
3,1.51,4.19,9.45,7.57,4.93,2.0,2.0
3,1.43,4.28,10.38,8.21,5.28,2.0,2.0
3,1.6,4.53,11.09,8.6,5.42,2.0,2.0
3,1.5,4.32,9.79,8.29,5.56,2.0,2.0
3,1.44,4.3,9.79,8.29,5.56,2.0,2.0
3,1.54,4.26,9.89,8.31,6.05,2.0,2.0
3,1.51,4.07,8.95,8.04,4.86,2.0,2.0
3,1.34,4.16,8.66,8.07,4.64,2.0,2.0
3,1.44,4.38,9.7,8.72,6.01,2.0,2.0
3,1.71,4.25,11.25,8.27,6.54,2.0,2.0
3,1.51,4.19,9.45,7.57,4.93,2.0,2.0
3,1.43,4.28,10.38,8.21,5.28,2.0,2.0
3,1.55,4.73,10.27,9.2,5.4,2.0,2.0
3,1.62,5.18,11.33,9.63,5.81,2.0,2.0
3,1.6,4.85,9.37,9.61,6.39,2.0,2.0
3,1.58,4.94,9.46,9.27,6.2,2.0,2.0
3,1.66,4.19,9.35,7.93,5.95,2.0,2.0
3,1.56,4.76,9.51,8.95,4.63,2.0,2.0
3,1.54,4.77,9.8,9.18,3.96,2.0,2.0
3,1.62,4.68,9.74,9.16,5.45,2.0,2.0
3,1.66,4.96,9.45,8.72,6.18,2.0,2.0
3,1.62,4.15,9.17,8.06,5.82,2.0,2.0
3,1.39,4.09,8.98,7.78,4.72,2.0,2.0
3,1.28,3.97,9.08,7.93,4.34,2.0,2.0
3,1.48,4.57,9.82,8.66,5.55,2.0,2.0
3,1.47,4.37,8.6,8.32,3.53,2.0,2.0
3,1.63,4.26,9.24,8.33,5.2,2.0,2.0
3,1.46,4.47,8.57,8.11,5.66,2.0,2.0
3,1.43,4.24,10.13,8.42,5.39,2.0,2.0
3,1.5,4.17,9.02,7.72,5.51,2.0,2.0
3,1.64,4.73,9.88,9.21,5.6,3.0,2.0
3,1.47,4.41,9.58,8.66,4.71,2.0,2.0
3,1.7,5.24,10.23,10.29,6.21,3.0,2.0
3,1.53,4.74,9.38,9.31,5.7,2.0,2.0
3,1.58,4.8,10.33,8.44,5.35,2.0,2.0
3,1.34,3.99,9.44,7.86,5.84,2.0,2.0
3,1.49,5.24,10.32,9.81,5.45,2.0,2.0
3,1.43,4.04,9.23,7.67,5.33,2.0,2.0
3,1.2,4.72,10.15,8.42,4.55,2.0,2.0
3,1.59,5.19,10.15,10.13,5.99,2.0,2.0
3,1.43,4.35,8.44,8.3,4.97,2.0,2.0
3,1.4,4.6,9.44,9.11,5.38,2.0,2.0
3,1.23,4.24,7.6,8.11,4.37,2.0,2.0
3,1.25,4.34,7.73,8.57,4.52,2.0,2.0
3,1.3,4.38,8.73,8.64,5.53,2.0,2.0
3,1.28,3.72,7.07,7.18,4.16,2.0,2.0
3,1.22,4.46,8.41,8.67,4.91,2.0,2.0
3,1.47,4.33,8.63,8.46,5.9,2.0,2.0
3,1.37,4.57,8.15,8.96,4.24,2.0,2.0
3,1.35,4.17,7.71,8.23,4.77,2.0,2.0
3,1.47,4.69,8.58,8.89,4.63,2.0,2.0
3,1.23,4.96,9.95,9.6,5.12,2.0,2.0
3,1.09,4.55,9.76,8.5,5.82,2.0,2.0
3,1.6,5.37,10.66,10.21,4.97,2.0,2.0
3,1.89,4.89,9.48,9.51,5.2,2.0,2.0
3,1.57,5.05,9.68,9.79,5.08,2.0,2.0
3,1.51,4.27,8.3,8.3,4.8,2.0,2.0
3,1.68,5.08,9.83,9.76,5.54,2.0,2.0
3,1.52,4.62,8.92,9.0,4.95,2.0,2.0
3,1.75,5.03,9.63,9.26,4.4,2.0,2.0
3,1.72,4.57,9.55,8.43,5.52,2.0,2.0
3,1.78,4.36,9.0,8.08,5.06,2.0,2.0
3,1.62,4.49,8.56,8.59,4.22,2.0,2.0
3,1.76,4.61,9.67,8.91,4.62,2.0,2.0
3,1.89,5.08,9.99,9.99,4.77,2.0,2.0
3,1.94,5.46,10.75,10.66,6.22,2.0,2.0
3,1.8,5.16,10.41,9.97,5.83,2.0,2.0
3,1.81,5.58,11.1,10.53,5.28,2.0,2.0
3,1.51,4.3,9.5,8.15,4.95,2.0,2.0
3,1.49,4.66,9.49,8.66,4.97,3.0,2.0
3,1.7,5.03,10.29,9.91,5.32,2.0,2.0
3,1.68,5.31,10.38,10.44,5.62,2.0,2.0
3,1.73,5.37,10.33,10.43,5.21,2.0,2.0
3,1.89,5.1,10.15,9.75,5.15,2.0,2.0
